ID,Train_Station,Street_Name,Street_Type,Entrance_Type,LAT,LONG,Exit_Number
1,Aberdeen,Macqueen,St,Ramp,-32.16688641,150.8919573,
2,Aberdeen,Macqueen,St,Stairs,-32.16689969,150.8919751,
3,Adamstown,Park,Ave,Path,-32.9337056,151.7204518,
4,Adamstown,Park,Ave,Path,-32.93382729,151.7202364,
5,Adamstown,St James,Rd,Stairs,-32.93341396,151.7203632,
6,Adamstown,St James,Rd,Ramp,-32.93340162,151.7203474,
7,Albion Park,Burroo,St,Ramp,-34.56340933,150.79939,
8,Albion Park,Princes,Hwy,Ramp,-34.56350712,150.7991893,
9,Albion Park,Princes,Hwy,Ramp,-34.56278202,150.7984185,
10,Albion Park,Princes,Hwy,Stairs,-34.56293995,150.798574,
11,Allawah,Roberts,Lane,Stairs,-33.96949011,151.1145667,
12,Allawah,Roberts,Lane,Ramp,-33.96953727,151.1146945,
13,Allawah,Railway,Pde,Ramp,-33.96988689,151.1142405,
14,Allawah,Railway,Pde,Ramp,-33.96996874,151.1149448,
15,Allawah,Railway,Pde,Lift,-33.96987782,151.1144352,
16,Arlington LR,Constitution,Rd,Path,-33.9020497,151.1380434,
17,Arlington LR,Grove,St,Path,-33.9020453,151.1381593,
18,Arncliffe,Firth,St,Lift,-33.93677457,151.1468602,
19,Arncliffe,Firth,St,Stairs,-33.93671781,151.1468509,
20,Arncliffe,The Arcade,,Stairs,-33.93692447,151.1474278,
21,Arncliffe,The Arcade,,Lift,-33.93696302,151.1474227,
22,Artarmon,Valetta,Lane,Ramp,-33.80823377,151.1847419,
23,Artarmon,Hampden,Rd,Stairs,-33.80854065,151.1844285,
24,Artarmon,Hampden,Rd,Lift,-33.80875941,151.1847201,
25,Ashfield,Brown,St,Lift,-33.88789161,151.1257974,
26,Ashfield,Brown ,St,Stairs,-33.887775,151.1255397,
27,Ashfield,Station,St,Lift,-33.88744211,151.1259581,
28,Ashfield,Station,St,Stairs,-33.88739665,151.1258025,
29,Asquith,Haldane,St,Path,-33.68869132,151.1082656,
30,Asquith,Pacific,Hwy,Ramp,-33.68848916,151.1079991,
31,Auburn,South,Pde,Stairs,-33.849663,151.0329192,
32,Auburn,South,South,Ramp,-33.84946375,151.0327209,
33,Auburn,Rawson,St,Ramp,-33.8492876,151.0332914,
34,Austinmer,Railway,Ave,Path,-34.30650136,150.9289071,
35,Austinmer,Gilchrist,St,Path,-34.3065205,150.9293511,
36,Awaba,Adelaide,St,Ramp,-33.0129167,151.5421589,
37,Awaba,Wilton,Rd,Ramp,-33.01310914,151.5420747,
38,Awaba,Adelaide,St,Path,-33.01291676,151.5421328,
39,Banksia,Railway,St,Stairs,-33.94488347,151.1404482,
40,Banksia,Railway,St,Ramp,-33.94479129,151.1404987,
41,Banksia,Hattersley,St,Ramp,-33.94490035,151.140849,
42,Bankstown,North,Tce,Ramp,-33.91768635,151.0342697,
43,Bankstown,Bankstown City,Plza,Path,-33.91778824,151.0337625,
44,Bankstown,Bankstown City,Plza,Path,-33.91805216,151.03411,
45,Bardwell Park,Hartill Law,Ave,Stairs,-33.93137824,151.125379,
46,Bargo,Great Southern,Rd,Path,-34.29097858,150.5801756,
47,Bargo,Railside,Ave,Path,-34.29104476,150.5800077,
48,Bargo,Railside,Ave,Ramp,-34.29100778,150.5800205,
49,Bargo,Great Southern,Rd,Ramp,-34.29098411,150.5801501,
50,Beecroft,Sutherland,Rd,Path,-33.74921627,151.0667339,
51,Beecroft,Wongala,Cres,Path,-33.74904472,151.0663377,
52,Beecroft,Wongala,Cres,Path,-33.74923381,151.0662247,
53,Bell,Sandham ,Rd,Ramp,-33.5061656,150.2793612,
54,Bell,Chiefley,Rd,Stairs,-33.50623435,150.2790794,
55,Bella Vista,Mawson Ave - South,<Null>,Lift,-33.73118266,150.9442965,
56,Bella Vista,Mawson Ave - North,,Lift,-33.73005082,150.9437829,
57,Bella Vista,Mawson Ave - South,<Null>,Escalators,-33.73105417,150.9442341,
58,Bella Vista,Mawson Ave - North,,Escalators,-33.73018824,150.9438384,
59,Bellambi,Bellambi,Lane,Ramp,-34.36261281,150.9101311,
60,Belmore,Burwood,Rd,Lift,-33.91724884,151.0883372,
61,Belmore,Burwood,Rd,Stairs,-33.91722736,151.0883244,
62,Berala,Campbell,St,Path,-33.8719773,151.0328288,
63,Berala,Woodburn,Rd,Path,-33.87139384,151.0323272,
64,Beresfield,Addison,St,Lift,-32.79947121,151.6581617,
65,Beresfield,Addison,St,Stairs,-32.79958398,151.658334,
66,Beresfield,Lawson,Ave,Stairs,-32.79940714,151.6585784,
67,Berowra,Pacific,Hwy,Ramp,-33.62300205,151.1531421,
68,Berowra,Pacific,Hwy,Ramp,-33.62291449,151.1535638,
69,Berry,Station,Rd,Path,-34.78027342,150.6967235,
70,Beverly Hills,King Georges,Rd,Stairs,-33.94926254,151.0804784,
71,Beverly Hills,King Georges,Rd,Lift,-33.94913026,151.0808291,
72,Beverly Hills,King Georges,Rd,Stairs,-33.94914069,151.0808676,
73,Bexley North,Bexley,Rd,Stairs,-33.9374812,151.1139261,
74,Birrong,Avalon,St,Stairs,-33.89253644,151.0243134,
75,Blackheath,Station,St,Stairs,-33.63400546,150.2842535,
76,Blackheath,Great Western,Hwy,Stairs,-33.63397248,150.2845903,
77,Blacktown,First,Ave,Stairs,-33.7677336,150.9079689,3
78,Blacktown,Jim Simpson,Lane,Stairs,-33.76894183,150.9073054,2
79,Blacktown,Patrick,St,Stairs,-33.76903303,150.9069899,1
80,Blacktown,First,Ave,Stairs,-33.76777702,150.9080196,3
81,Blacktown,First,Ave,Lift,-33.76775412,150.9079614,3
82,Blacktown,Old Richmond,Rd,Stairs,-33.76779802,150.9069245,4
83,Blacktown,Old Richmond,Rd,Lift,-33.7678292,150.9071472,4
84,Blacktown,Patrick,St,Lift,-33.76889928,150.9070828,1
85,Blacktown,Jim Simpson,Lane,Escalators,-33.76896727,150.9072963,2
86,Blaxland,Wilson,Way,Lift,-33.74369934,150.6099627,
87,Blaxland,Wilson,Way,Stairs,-33.74366205,150.6098058,
88,Blaxland,Great Western,Hwy,Stairs,-33.7438036,150.6096862,
89,Blaxland,Great Western,Hwy,Stairs,-33.74404944,150.6093287,
90,Blaxland,Great Western,Hwy,Ramp,-33.74411767,150.6093887,
91,Bomaderry,Meroo,St,Path,-34.85374494,150.6097702,
92,Bombo,Princes,Hwy,Stairs,-34.65868669,150.8537686,
93,Bombo,Princes,Hwy,Ramp,-34.65885576,150.8537564,
94,Bondi Junction,Grafton,St,Stairs,-33.89103017,151.2485965,
95,Bondi Junction,Grafton,St,Stairs,-33.89099409,151.2482086,
96,Bondi Junction,Rowe,St,Ramp,-33.89186986,151.2483663,
97,Booragul,Fourth,St,Ramp,-32.97169903,151.605168,
98,Booragul,Station,St,Ramp,-32.97190014,151.6047908,
99,Bowral,Wingercarribee,St,Lift,-34.47837068,150.4165765,
100,Bowral,Wingercarribee,St,Stairs,-34.47841685,150.4165949,
101,Bowral,Wingercarribee,St,Lift,-34.47827715,150.4163947,
102,Bowral,Kirkham ,Rd,Stairs,-34.47822202,150.4163793,
103,Bowral,Station,St,Path,-34.47792483,150.4169743,
104,Bowral,Kirkham ,Rd,Path,-34.47763745,150.4167974,
105,Branxton,Railway,St,Ramp,-32.66221027,151.3459324,
106,Branxton,Railway,St,Ramp,-32.66209242,151.3455358,
107,Bridge Street LR,George,St,Path,-33.86378327,151.2075021,
108,Bridge Street LR,George,St,Path,-33.86446379,151.2074331,
109,Broadmeadow,Brown,Rd,Stairs,-32.92236891,151.7349462,
110,Broadmeadow,Brown,Rd,Ramp,-32.92216413,151.7352213,
111,Broadmeadow,Graham,Rd,Stairs,-32.92269277,151.7354129,
112,Broadmeadow,Graham,Rd,Ramp,-32.92289153,151.7350658,
113,Bullaburra,Great Western,Hwy,Ramp,-33.72351988,150.4152013,
114,Bullaburra,Railway,Pde,Stairs,-33.72316759,150.4149891,
115,Bulli,Franklin,Ave,Path,-34.33428666,150.9149143,
116,Bulli,Railway,St,Path,-34.33433961,150.9146887,
117,Bulli,Park,Rd,Lift,-34.3338201,150.9149316,
118,Bulli,Park,Rd,Lift,-34.33384472,150.9150696,
119,Bundanoon,Church,St,Path,-34.65604988,150.2995728,
120,Bundanoon,Erith,St,Ramp,-34.6557524,150.2997407,
121,Burradoo,Burradoo,Rd,Path,-34.49418601,150.3981296,
122,Burradoo,Burradoo,Rd,Ramp,-34.49418573,150.3978582,
123,Burwood,Burwood,Rd,Stairs,-33.87704552,151.1038525,
124,Burwood,Burwood,Rd,Path,-33.87718853,151.1038248,
125,Cabramatta,Railway,Pde,Ramp,-33.89494229,150.9387321,
126,Cabramatta,Railway,Pde,Lift,-33.89459892,150.9388134,
127,Cabramatta,Broomfield,St,Lift,-33.89464265,150.9391047,
128,Cabramatta,Broomfield,St,Stairs,-33.89480632,150.9390481,
129,Cabramatta,Railway,Pde,Path,-33.89510227,150.9386596,
130,Camellia,Grand,Ave,Ramp,-33.81918103,151.024141,
131,Campbelltown,Farrow,Rd,Stairs,-34.06302424,150.8144097,
132,Campbelltown,Farrow,Rd,Stairs,-34.06332332,150.8140219,
133,Campbelltown,Hurley,St,Stairs,-34.06367954,150.8146141,
134,Campbelltown,Hurley,St,Path,-34.06369952,150.8146228,
135,Campbelltown,Hurley,St,Lift,-34.06359144,150.8147393,
136,Campbelltown,Railway,St,Ramp,-34.06418971,150.8148139,
137,Campbelltown,Hurley,St,Lift,-34.06320084,150.8143088,
138,Campsie,Beamish,St,Ramp,-33.91039285,151.1035577,
139,Campsie,Beamish,St,Ramp,-33.91049597,151.103574,
140,Canley Vale,Railway,Pde,Ramp,-33.88734662,150.9434198,
141,Canley Vale,Railway,Pde,Stairs,-33.88723441,150.9434805,
142,Canley Vale,First,Ave,Ramp,-33.88746282,150.9436297,
143,Canley Vale,First,Ave,Stairs,-33.88744308,150.9436897,
144,Canterbury,Canterbury,Rd,Path,-33.9121163,151.1190137,
145,Capitol Square LR,Hay,St,Path,-33.87970841,151.2055584,
146,Capitol Square LR,Hay,St,Path,-33.87980415,151.205512,
147,Cardiff,Main,Rd,Path,-32.9412794,151.6628198,
148,Cardiff,Mary,St,Lift,-32.94140925,151.6622554,
149,Cardiff,Mary,St,Stairs,-32.94145731,151.6623011,
150,Caringbah,Kingsway,,Stairs,-34.04157881,151.121856,
151,Caringbah,Kingsway,,Lift,-34.04162513,151.1219142,
152,Carlingford,Lloyds,Ave,Ramp,-33.78270924,151.046786,
153,Carlingford,Lloyds,Ave,Path,-33.78287488,151.0466571,
154,Carlingford,Pennant Hills,Rd,Path,-33.78304357,151.0463511,
155,Carlingford,Lloyds,Ave,Path,-33.78217116,151.047273,
156,Carlingford,James,St,Path,-33.7821273,151.0468442,
157,Carlton,Carlton,Pde,Lift,-33.96801021,151.1243905,
158,Carlton,Carlton,Pde,Stairs,-33.96809212,151.1242377,
159,Carlton,Carlton,Pde,Ramp,-33.96798067,151.1241795,
160,Carlton,Railway,Pde,Lift,-33.96842236,151.1245362,
161,Carlton,Railway,Pde,Stairs,-33.96846874,151.1243442,
162,Carramar,Carramar,Ave,Path,-33.88431636,150.9605645,
163,Carramar,Sandal,Cres,Path,-33.88476847,150.9607298,
164,Castle Hill,Old Castle Hill,,Escalators,-33.73165908,151.0071861,
165,Castle Hill,Old Castle Hill,Rd,Lift,-33.73169175,151.0070481,
166,Casula,Casula,Rd,Stairs,-33.95004957,150.9121379,
167,Casula,Casula,Rd,Lift,-33.95035283,150.9120798,
168,Casula,Casula,Rd,Lift,-33.9501874,150.9117283,
169,Casula,Casula,Rd,Stairs,-33.9503293,150.9116866,
170,Casula,Casula,Rd,Path,-33.95036803,150.9117058,
171,Central,Pitt,St,Path,-33.88236674,151.2058136,1
172,Central,Eddy,Ave,Path,-33.88233009,151.2065038,1
173,Central,Eddy,Ave,Path,-33.88253976,151.2068849,1
174,Central,Eddy,Ave,Stairs,-33.88302433,151.2070762,3
175,Central,Eddy,Ave,Escalators,-33.8832082,151.2070112,3
176,Central,Elizabeth,St,Ramp,-33.88352173,151.2079563,4
177,Central,Elizabeth,St,Stairs,-33.88394044,151.2081118,
178,Central,Chalmers,St,Stairs,-33.88547844,151.2067901,6
179,Central,Lee,St,Path,-33.88398512,151.2042663,7
180,Central,Chalmers,St,Escalators,-33.88544474,151.206822,6
181,Central,Chalmers,St,Lift,-33.88541283,151.2068475,6
182,Central,Eddy,Ave,Escalators,-33.88213747,151.2060987,
183,Central,Eddy,Ave,Stairs,-33.88210298,151.2061254,
184,Central,Elizabeth,St,Lift,-33.88371032,151.2078995,4
185,Central,Eddy,Ave,Lift,-33.88353624,151.2069711,3
186,Central Chalmers Street LR,Chalmers,St,Path,-33.88389566,151.2079578,
187,Central Chalmers Street LR,Chalmers,St,Path,-33.88455477,151.2074748,
188,Chatswood,Railway,St,Lift,-33.79689881,151.1807121,
189,Chatswood,Orchard,Rd,Lift,-33.79673526,151.1811761,
190,Chatswood,Thomas,Lane,Lift,-33.7979301,151.1806933,
191,Chatswood,Thomas,St,Stairs,-33.797903,151.180647,
192,Chatswood,Railway,St,Stairs,-33.79701563,151.1805215,
193,Chatswood,Railway,St,Escalators,-33.79705047,151.1805363,
194,Chatswood,Orchard,Rd,Escalators,-33.79673649,151.1813641,
195,Chatswood,Orchard,Rd,Stairs,-33.79677523,151.1813805,
196,Chatswood,Railway,St,Stairs,-33.79709534,151.1806738,
197,Chatswood,Thomas,St,Lift,-33.79765173,151.1812637,
198,Chatswood,Thomas,St,Stairs,-33.79766719,151.1811813,
199,Chatswood,Post Office,Lane,Stairs,-33.79722746,151.1814421,
200,Chatswood,Post Office,Lane,Escalators,-33.79718558,151.1814287,
201,Chatswood,Post Office,Lane,Lift,-33.79717607,151.1813031,
202,Cheltenham,Cheltenham,Rd,Lift,-33.75543909,151.0781092,
203,Cheltenham,Cheltenham,Rd,Stairs,-33.75539745,151.0781497,
204,Cherrybrook,Bradfield,Pde,Lift,-33.73663239,151.0320313,1
205,Cherrybrook,Castle Hill,Rd,Stairs,-33.73676724,151.0314902,
206,Cherrybrook,Castle Hill,Rd,Lift,-33.73666589,151.0315062,
207,Cherrybrook,Bradfield,Pde,Escalators,-33.73669388,151.031977,1
208,Chester Hil,Chester Hill,Rd,Path,-33.88368818,151.0004627,
209,Chinatown LR,George,St,Path,-33.87824087,151.2055617,
210,Chinatown LR,George,St,Path,-33.87899397,151.2056331,
211,Chinatown LR,George,St,Path,-33.87895828,151.2054451,
212,Circular Quay,Alfred,St,Escalators,-33.86125995,151.2105656,
213,Circular Quay,Alfred,St,Escalators,-33.86127776,151.2107739,
214,Circular Quay,Alfred,St,Escalators,-33.86143954,151.2107457,
215,Circular Quay,Alfred,St,Stairs,-33.86146378,151.2107945,
216,Circular Quay,Alfred,St,Stairs,-33.86131441,151.2106592,
217,Circular Quay,Alfred,St,Stairs,-33.86138049,151.2106156,
218,Circular Quay,Alfred,St,Stairs,-33.86131245,151.2106239,
219,Circular Quay,Alfred,St,Lift,-33.86124347,151.2107343,
220,Circular Quay,Alfred,St,Lift,-33.86146637,151.2107121,
221,Circular Quay LR,Alfred,St,Path,-33.86157037,151.2105169,
222,Circular Quay LR,Alfred,St,Path,-33.86146091,151.2095651,
223,Clarendon,Racecource,Rd,Ramp,-33.60859421,150.7877637,
224,Clarendon,Racecource,Rd,Path,-33.60848854,150.787844,
225,Clarendon,Racecource,Rd,Ramp,-33.60844245,150.7878928,
226,Clyde,Factory,St,Ramp,-33.83606198,151.0165639,2
227,Clyde,Berry,St,Ramp,-33.83554673,151.0170387,1
228,Coalcliff,Lawrence Hargrave ,Dr,Stairs,-34.24253571,150.977052,
229,Cockle Creek,Creek Reserve,Rd,Path,-32.94287548,151.6238126,
230,Cockle Creek,Lake,Rd,Stairs,-32.94246711,151.6244306,
231,Coledale,Cater,St,Stairs,-34.28989285,150.943031,
232,Como,Como,Pde,Ramp,-34.00447157,151.0676891,
233,Como,Railway,Rd,Stairs,-34.00454075,151.0683305,
234,Como,Railway,Rd,Stairs,-34.00437623,151.068248,
235,Concord West,King,St,Lift,-33.84808986,151.0851995,
236,Concord West,King,St,Stairs,-33.84795404,151.0851904,
237,Concord West,King,St,Stairs,-33.84821375,151.0852126,
238,Concord West,Queen,St,Stairs,-33.84809272,151.0859526,
239,Concord West,Queen,St,Lift,-33.84803171,151.0859019,
240,Coniston,Gladsone,Ave,Ramp,-34.43796566,150.884845,
241,Coniston,Bridge,St,Stairs,-34.43823905,150.8851205,
242,Convention Centre LR,Darling,Dr,Ramp,-33.87286403,151.1981517,
243,Corrimal,Duff,Pde,Path,-34.37549456,150.9051489,
244,Corrimal,Railway,St,Path,-34.37567312,150.9048905,
245,Cowan,Pacific,Hwy,Ramp,-33.5937893,151.1715651,
246,Cowan,Pacific,Hwy,Ramp,-33.59298034,151.171638,
247,Cringila,Five Island,Rd,Stairs,-34.46737362,150.8782723,
248,Cringila,Central,Rd,Stairs,-34.46708061,150.8799583,
249,Cronulla,Cronulla,St,Path,-34.05684046,151.1517217,
250,Cronulla,Cronulla,St,Path,-34.05572731,151.1515991,
251,Cronulla,Cronulla,St,Path,-34.05535773,151.1514348,
252,Croydon,Paisley,Rd,Stairs,-33.8831857,151.1150828,
253,Croydon,Hennessy,St,Ramp,-33.88283666,151.1155154,
254,Dapto,Staiton,St,Path,-34.49307785,150.7918339,
255,Dapto,Bong Bong,Rd,Path,-34.493435,150.7913065,
256,Dapto,Bong Bong,Rd,Path,-34.49348285,150.7914602,
257,Dapto,Station,St,Path,-34.4923588,150.7922224,
258,Denistone,Gordon,Cres,Path,-33.79951928,151.0867539,
259,Domestic,Keith Smith,Ave,Lift,-33.93398698,151.1800496,
260,Domestic,Keith Smith,Ave,Escalators,-33.93400343,151.1801133,
261,Domestic,Keith Smith,Ave,Stairs,-33.93400809,151.1801419,
262,Domestic,Keith Smith,Ave,Stairs,-33.93362671,151.1805736,
263,Domestic,Keith Smith,Ave,Lift,-33.93356911,151.1805681,
264,Doonside,School,Pde,Ramp,-33.76401541,150.8692816,
265,Doonside,Cross,St,Ramp,-33.76362795,150.8692347,
266,Dora Creek,Newport,Rd,Stairs,-33.08402158,151.500698,
267,Dora Creek,Newport,Rd,Stairs,-33.08411433,151.5008644,
268,Dora Creek,Main,Rd,Path,-33.0838231,151.5010419,
269,Douglas Park,Camden,Rd,Path,-34.18330344,150.7105388,
270,Douglas Park,Camden,Rd,Path,-34.18323382,150.7105466,
271,Dulwich Grove LR,New Canterbury,Rd,Lift,-33.9047721,151.1389753,
272,Dulwich Grove LR,New Canterbury,Rd,Stairs,-33.904761,151.1390021,
273,Dulwich Hill,Wardell,Rd,Stairs,-33.91105837,151.1411463,
274,Dulwich Hill LR,Bedford,Cres,Lift,-33.9106266,151.1405558,
275,Dulwich Hill LR,Bedford,Cres,Stairs,-33.9106718,151.1405847,
276,Dundas,Station,St,Path,-33.80402698,151.0331103,
277,Dundas,Kissing Point,Rd,Path,-33.80339752,151.032467,
278,Dundas,Kissing Point,Rd,Ramp,-33.80388354,151.0329178,
279,Dundas,Kissing Point,Rd,Stairs,-33.80389499,151.0328954,
280,Dungog,Brown,St,Stairs,-32.40249309,151.759251,
281,Dungog,Brown,St,Ramp,-32.40255754,151.759385,
282,East Hills,Park,Rd,Ramp,-33.96157358,150.9844493,
283,East Hills,Park,Rd,Ramp,-33.96173087,150.9842552,
284,East Hills,Park,Rd,Stairs,-33.96164228,150.9843435,
285,East Hills,Thompson,Lane,Path,-33.96201112,150.9847269,
286,East Maitland,Melbourne,St,Stairs,-32.74457268,151.5874741,
287,East Richmond,Bourke,St,Stairs,-33.6017457,150.7587291,
288,East Richmond,Bourke,St,Ramp,-33.60180319,150.7588294,
289,Eastwood,West,Pde,Path,-33.79014802,151.0819726,
290,Eastwood,Railway,Pde,Lift,-33.79017064,151.0825639,
291,Eastwood,Railway,Pde,Ramp,-33.79041058,151.0826361,
292,Eastwood,Railway,Pde,Ramp,-33.78992993,151.0826671,
293,Eastwood,West,Pde,Lift,-33.79014905,151.0820022,
294,Edgecliff,New South Head,Rd,Path,-33.87893677,151.236154,
295,Edmondson Park,Soliders,Pde,Lift,-33.96930476,150.8588642,
296,Edmondson Park,Soliders,Pde,Stairs,-33.96936246,150.8588449,
297,Emu Plains,Old Bathurst,Rd,Lift,-33.74582701,150.6713326,
298,Emu Plains,Old Bathurst,Rd,Stairs,-33.74577768,150.6714125,
299,Emu Plains,Mackellar,St,Lift,-33.74565742,150.6712836,
300,Emu Plains,Mackellar,St,Stairs,-33.74552422,150.6713807,
301,Engadine,Princes,Hwy,Ramp,-34.06719539,151.0147353,
302,Engadine,Princes,Hwy,Lift,-34.06738183,151.0145516,
303,Engadine,Princes,Hwy,Ramp,-34.06753979,151.0148428,
304,Engadine,Princes,Hwy,Lift,-34.06776904,151.0146815,
305,Epping,Langston,Pl,Path,-33.77254801,151.0822785,
306,Epping,Beecroft,Rd,Lift,-33.77265225,151.0818045,
307,Epping,Beecroft,Rd,Stairs,-33.77284112,151.0818724,
308,Epping,Beecroft,Rd,Lift,-33.77272037,151.0815679,
309,Epping,Beecroft,Rd,Stairs,-33.77291584,151.0816408,
310,Ersineville,Erskineville,Rd,Path,-33.90005302,151.1855565,
311,Exeter,Ringwood,Rd,Path,-34.61346677,150.3177998,
312,Exeter,Bundanoon,Rd,Path,-34.61337723,150.3173592,
313,Exhibition Centre LR,Darling,Dr,Ramp,-33.87677819,151.1994751,
314,Exhibition Centre LR,Pyrmont,St,Stairs,-33.87678771,151.1992504,
315,Fairfield,Dale,St,Path,-33.87255271,150.957049,
316,Fairfield,The Crescent,,Stairs,-33.87238918,150.9568642,
317,Fairfield,The Crescent,,Path,-33.87228222,150.9568998,
318,Fairfield,Dale,St,Stairs,-33.87250991,150.9570068,
319,Fairfield,Dale,St,Lift,-33.87264464,150.9568189,
320,Fairfield,The Crescent,,Lift,-33.87249718,150.956712,
321,Fairy Meadow,Elliotts,Rd,Stairs,-34.39505996,150.8964522,
322,Fairy Meadow,Elliotts,Rd,Stairs,-34.39509691,150.8965771,
323,Fassifern,Tucker,Cl,Ramp,-32.98557663,151.5808417,
324,Fassifern,Tucker,Cl,Stairs,-32.98568106,151.5811753,
325,Fassifern,Tucker,Cl,Ramp,-32.98567466,151.5812081,
326,Faulconbridge,Great Western,Hwy,Stairs,-33.69678014,150.5349261,
327,Faulconbridge,Great Western,Hwy,Ramp,-33.69681647,150.5349352,
328,Faulconbridge,Great Western,Hwy,Stairs,-33.69654047,150.534819,
329,Faulconbridge,Great Western,Hwy,Stairs,-33.69633199,150.534567,
330,Faulconbridge,Great Western,Hwy,Ramp,-33.69636984,150.5344309,
331,Fish Market LR,Miller,St,Path,-33.87046367,151.1921783,
332,Fish Market LR,Miller,St,Path,-33.87076898,151.1916529,
333,Flemington,The Crescent,,Stairs,-33.86515478,151.0706765,
334,Flemington,The Crescent,,Stairs,-33.86389281,151.0702391,
335,Gerringong,Belinda,St,Ramp,-34.74477882,150.8176504,
336,Glebe LR,Bayview,St,Ramp,-33.87729496,151.187253,
337,Glebe LR,Burton,St,Stairs,-33.87707686,151.1875647,
338,Glenbrook,Burfitt,Pde,Ramp,-33.76902646,150.6212638,
339,Glenfield,Railway,Pde,Lift,-33.97228674,150.8932557,
340,Glenfield,service road,,Stairs,-33.97173912,150.893269,
341,Glenfield,Railway,Pde,Stairs,-33.9724757,150.8931251,
342,Glenfield,Railway,Pde,Stairs,-33.97207776,150.8935775,
343,Glenfield,service road,,Lift,-33.97183034,150.8931736,
344,Gordon,Werona,Ave,Ramp,-33.75535054,151.154396,
345,Gordon,Werona,Ave,Ramp,-33.75598413,151.1548641,
346,Gordon,St Johns,Ave,Stairs,-33.75612016,151.1541758,
347,Gordon,St Johns,Ave,Ramp,-33.75596499,151.1540965,
348,Gordon,Wade,Lane,Ramp,-33.75568255,151.1539778,
349,Gosford,Burns,Cres,Stairs,-33.42348165,151.341911,
350,Gosford,Burns,Cres,Lift,-33.42348002,151.3419443,
351,Gosford,Showground,Rd,Stairs,-33.4233302,151.3414142,
352,Gosford,Showground,Rd,Path,-33.42338314,151.3414013,
353,Goulburn,Sloane,St,Path,-34.75901982,149.7205882,
354,Goulburn,Park,Rd,Path,-34.75812698,149.7192494,
355,Granville,Memorial,Dr,Ramp,-33.83290042,151.0114055,
356,Granville,Memorial,Dr,Ramp,-33.8327767,151.0114916,
357,Green Square,Botany,Rd,Stairs,-33.90581837,151.2030314,
358,Green Square,Botany,Rd,Stairs,-33.90596608,151.2030771,
359,Green Square,O'Riordan,St,Lift,-33.90621492,151.2025402,
360,Green Square,O'Riordan,St,Escalators,-33.90627864,151.2026934,
361,Greta,Nelson,St,Ramp,-32.68678796,151.384282,
362,Greta,Mansfield,St,Ramp,-32.68667582,151.3840538,
363,Guildford,Railway,Tce,Stairs,-33.85444912,150.9845955,
364,Guildford,Railway,Tce,Ramp,-33.854233,150.9846821,
365,Guildford,Railway,Tce,Lift,-33.85456824,150.9844866,
366,Guildford,Military,Rd,Lift,-33.85449232,150.984227,
367,Guildford,Military,Rd,Stairs,-33.85433088,150.9842777,
368,Guildford,Military,Rd,Stairs,-33.85425733,150.9843285,
369,Guildford,Military,Rd,Ramp,-33.85416769,150.9844037,
370,Guildford,Military,Rd,Ramp,-33.8538226,150.984647,
371,Gymea,Gymea Bay,Rd,Lift,-34.03490791,151.0852082,
372,Gymea,Gymea Bay,Rd,Stairs,-34.03487034,151.0851825,
373,Hamilton,Beaumont ,St,Stairs,-32.91802537,151.7485113,
374,Hamilton,Beaumont ,St,Stairs,-32.91838537,151.7482699,
375,Hamilton,Beaumont ,St,Ramp,-32.91841859,151.7482552,
376,Hamilton,Beaumont ,St,Ramp,-32.9185304,151.7483975,
377,Harris Park,Station W,St,Stairs,-33.82326239,151.0074636,
378,Harris Park,Marion,St,Ramp,-33.82335758,151.0079326,
379,Hawkesbury River,Danger,Rd,Stairs,-33.54710145,151.2265988,
380,Hawkesbury River,Danger,Rd,Stairs,-33.54700863,151.2267151,
381,Hawthorne LR,Darley,Rd,Path,-33.87958216,151.1475502,
382,Hawthorne LR,Darley,Rd,Path,-33.8795003,151.1471067,
383,Haymarket LR,Rawson,Pl,Path,-33.88152096,151.2058044,
384,Haymarket LR,Rawson,Pl,Path,-33.88131157,151.2049811,
385,Haymarket LR,Rawson,Pl,Path,-33.88116642,151.204924,
386,Haymarket LR,Rawson,Pl,Path,-33.88169942,151.2056093,
387,Haymarket LR,George,St,Path,-33.8833008,151.2084456,
388,Hazelbrook,Railway,Pde,Path,-33.72367342,150.4539673,
389,Hazelbrook,Great Western,Hwy,Stairs,-33.72353033,150.454573,
390,Hazelbrook,Great Western,Hwy,Ramp,-33.72308654,150.454017,
391,Heathcote,Wilson,Pde,Ramp,-34.08793975,151.0084144,
392,Heathcote,Wilson,Pde,Path,-34.08792484,151.0084291,
393,Heathcote,Princes,Hwy,Ramp,-34.0877856,151.008298,
394,Heathcote,Princes,Hwy,Path,-34.08780235,151.0082859,
395,Helensburgh,Tunnel,Rd,Stairs,-34.17714736,150.9940859,
396,Helensburgh,Tunnel,Rd,Lift,-34.17718912,150.9942468,
397,Hexham,Maitland ,Rd,Stairs,-32.8287522,151.68432,
398,High Street,High,St,Stairs,-32.7413273,151.5644242,
399,High Street,Le Darcy,Dr,Ramp,-32.74197207,151.5641955,
400,Hilldale,Hilldale,Rd,Ramp,-32.50448435,151.649805,
401,Hills Showground,Doran,Dr,Lift,-33.72797926,150.9868165,
402,Hills Showground,Doran,Dr,Escalators,-33.7279512,150.9869096,
403,Holsworthy,The Boulevarde,,Ramp,-33.96297936,150.9564564,
404,Holsworthy,The Boulevarde,,Stairs,-33.96292706,150.9565045,
405,Holsworthy,The Boulevarde,,Lift,-33.96282915,150.9563519,
406,Homebush,The Crescent,,Ramp,-33.866968,151.0861075,
407,Homebush,The Crescent,,Stairs,-33.8669269,151.0860951,
408,Homebush,Loftus,Cres,Stairs,-33.86641951,151.0864214,
409,Hornsby,Hunter,Lane,Ramp,-33.703839,151.099774,
410,Hornsby,Station,St,Path,-33.70347962,151.0980916,
411,Hornsby,George,St,Stairs,-33.70356981,151.0988312,
412,Hornsby,George,St,Ramp,-33.70355385,151.0988427,
413,Hornsby,George,St,Ramp,-33.70373548,151.0987466,
414,Hurlstone Park,Duntroon,St,Path,-33.91018981,151.1325419,
415,Hurstville,Forest,Rd,Ramp,-33.96651714,151.1019021,
416,Hurstville,Forest,Rd,Stairs,-33.96703441,151.1028477,
417,Hurstville,Forest,Rd,Escalators,-33.96651714,151.1019021,
418,Hurstville,Ormonde,Pde,Stairs,-33.96768463,151.102359,
419,Hurstville,Ormonde,Pde,Lift,-33.96763205,151.1022885,
420,Ingleburn,Stanley,Rd,Ramp,-33.99742169,150.8643133,
421,Ingleburn,Stanley,Rd,Stairs,-33.99757653,150.8640104,
422,Ingleburn,Ingleburn,Rd,Stairs,-33.9978895,150.8643778,
423,Ingleburn,Ingleburn,Rd,Ramp,-33.99760206,150.8646186,
424,Ingleburn,Ingleburn,Rd,Stairs,-33.99743831,150.8648758,
425,International,Departure,Plza,Escalators,-33.93518102,151.166541,
426,International,Departure,Plza,Lift,-33.93519882,151.1664469,
427,International,Departure,Plza,Lift,-33.93520792,151.1664707,
428,Jannali,Mitchell,Ave,Ramp,-34.01599453,151.0643704,
429,Jannali,Railway,Cres,Ramp,-34.01609101,151.0648408,
430,Jannali,Railway,Cres,Path,-34.0158836,151.0647566,
431,John Street Square LR,Harvey,St,Stairs,-33.86716237,151.192075,
432,John Street Square LR,Harris,St,Ramp,-33.86726224,151.1924304,
433,Jubilee Park LR,Chapman,Rd,Ramp,-33.87556013,151.1783683,
434,Jubilee Park LR,Chapman,Rd,Ramp,-33.87533885,151.1785977,
435,Jubilee Park LR,Chapman,Rd,Stairs,-33.87532035,151.1786149,
436,Katoomba,Goldsmith,Pl,Ramp,-33.71194806,150.3121686,
437,Katoomba,Bathurst,Rd,Stairs,-33.71225211,150.3117845,
438,Katoomba,Bathurst,Rd,Ramp,-33.71227605,150.3121389,
439,Katoomba,Bathurst,Rd,Lift,-33.7122822,150.3119825,
440,Kellyville,Gurragurra,St,Lift,-33.71321913,150.935033,
441,Kellyville,Gurragurra,St,Escalators,-33.71324403,150.9351528,
442,Kembla Grange,West Dapto,,Ramp,-34.47012644,150.8177961,
443,Kiama,Railway,Pde,Path,-34.67259919,150.8543663,
444,Killara,Werona,Ave,Stairs,-33.76569485,151.1620999,
445,Killara,Culworth,Ave,Stairs,-33.76585281,151.1617973,
446,Kings Cross,Victoria,St,Lift,-33.87426901,151.2222047,
447,Kings Cross,Victoria,St,Stairs,-33.87423751,151.2221958,
448,Kings Cross,Victoria,St,Stairs,-33.87403189,151.2225037,
449,Kingsgrove,Kingsgrove,Rd,Stairs,-33.94037591,151.1010846,
450,Kingsgrove,Kingsgrove,Rd,Lift,-33.94048039,151.100874,
451,Kingsgrove,Kingsgrove,Rd,Stairs,-33.94045759,151.1008569,
452,Kingswood,Great Western ,Hwy,Stairs,-33.75836745,150.720071,
453,Kingswood,Great Western ,Hwy,Lift,-33.75842616,150.720233,
454,Kingswood,Richmond,Rd,Stairs,-33.75823344,150.7201166,
455,Kingswood,Richmond,Rd,Ramp,-33.75823391,150.7202398,
456,Kirrawee,Oak,Rd,Path,-34.03491126,151.0710203,
457,Kogarah,Regent,St,Lift,-33.9627467,151.1326877,
458,Kogarah,Regent,St,Stairs,-33.96279661,151.1326915,
459,Kogarah,Station,St,Lift,-33.96264352,151.1321917,
460,Kogarah,Station,St,Stairs,-33.96268807,151.1321451,
461,Kogarah,Station,St,Stairs,-33.96260526,151.1322014,
462,Kogarah,Station,St,Ramp,-33.96279569,151.1321022,
463,Koolewong,Glenrock,Pde,Stairs,-33.46613312,151.3184763,
464,Koolewong,Glenrock,Pde,Stairs,-33.46614412,151.3183699,
465,Kotara,Kotara,Pl,Ramp,-32.94136917,151.6974634,
466,Kotara,Park,Ave,Stairs,-32.94176982,151.6980592,
467,Lakemba,Railway,Pde,Stairs,-33.919759,151.0761338,
468,Lakemba,The Boulevarde,,Lift,-33.92010158,151.0763703,
469,Lakemba,Railway,Pde,Lift,-33.91988075,151.0762517,
470,Lapstone,Explorers,Rd,Stairs,-33.77355931,150.6426108,
471,Lapstone,Explorers,Rd,Ramp,-33.77327862,150.6426352,
472,Lawson,Great Western,Hwy,Ramp,-33.71943599,150.4294992,
473,Lawson,Great Western,Hwy,Ramp,-33.71914265,150.4300609,
474,Lawson,Honour,Ave,Ramp,-33.71950783,150.4304172,
475,Lawson,Lotus,St,Ramp,-33.7189722,150.4296065,
476,Leichhardt North LR,James,St,Lift,-33.87498002,151.1550356,
477,Leichhardt North LR,James,St,Stairs,-33.87499429,151.1550175,
478,Leichhardt North LR,City West Link,Rd,Path,-33.874998,151.1535804,
479,Leightonfield,Monier,Sq,Ramp,-33.88189412,150.9851028,
480,Leightonfield,Christina,Rd,Ramp,-33.88126383,150.984962,
481,Leppingon,Rickard,Rd,Stairs,-33.95443956,150.8082668,
482,Leppingon,Rickard,Rd,Lift,-33.95451545,150.8082463,
483,Leumeah,O'Sullivan,Rd,Ramp,-34.05102916,150.8304338,
484,Leumeah,O'Sullivan,Rd,Stairs,-34.05089506,150.830574,
485,Leumeah,Old Leumeah,Rd,Stairs,-34.05081332,150.8307025,
486,Leumeah,Old Leumeah,Rd,Ramp,-34.05080184,150.8307251,
487,Leumeah,O'Sullivan,Rd,Lift,-34.05067487,150.8308056,
488,Leumeah,Plough Inn,Rd,Path,-34.05031272,150.8307679,
489,Leumeah,Plough Inn,Rd,Lift,-34.0504822,150.8305609,
490,Leura,Railway,Pde,Stairs,-33.71212061,150.3311289,
491,Lewisham,Thomas ,St,Stairs,-33.8931095,151.1475983,
492,Lewisham,Railway,Tce,Stairs,-33.8936359,151.1475441,
493,Lewisham West LR,Smith,St,Path,-33.8937862,151.1433429,
494,Lewisham West LR,Hudson,St,Path,-33.89385044,151.1434623,
495,Lidcombe,Church,St,Stairs,-33.86338085,151.0445549,
496,Lidcombe,Church,St,Path,-33.86353155,151.0450641,
497,Lidcombe,Railway,St,Lift,-33.86386787,151.0446069,
498,Lidcombe,Railway,St,Stairs,-33.863756,151.044279,
499,Lidcombe,Church,St,Lift,-33.86346008,151.0447924,
500,Lidcombe,Railway,St,Stairs,-33.86386973,151.0446447,
501,Lilyfield LR,Catherine ,St,Ramp,-33.87419537,151.1648238,
502,Lilyfield LR,Catherine ,St,Stairs,-33.87411594,151.1647681,
503,Linden,Burke,Rd,Stairs,-33.71474436,150.5043663,
504,Linden,Great Western,Hwy,Path,-33.71533075,150.5053218,
505,Lindfield,Lindfield,Ave,Stairs,-33.77565442,151.1695097,
506,Lindfield,Lindfield,Ave,Stairs,-33.77528844,151.1693856,
507,Lindfield,Lindfield,Ave,Ramp,-33.77526721,151.1693706,
508,Lindfield,Lindfield,Ave,Stairs,-33.77508734,151.1692302,
509,Lindfield,Pacific,Hwy,Stairs,-33.77570298,151.1690761,
510,Lindfield,Pacific,Hwy,Ramp,-33.77573861,151.1691075,
511,Lindfield,Pacific,Hwy,Stairs,-33.77595464,151.1693,
512,Lisarow,Pacific,Hwy,Stairs,-33.38218451,151.3701793,
513,Lisarow,Railway,Cres,Stairs,-33.38207165,151.3700848,
514,Lisarow,Pacific,Hwy,Path,-33.38219289,151.3701652,
515,Lisarow,Railway,Cres,Path,-33.38205966,151.3700717,
516,Lithgow,Railway,Pde,Path,-33.48051667,150.1567066,
517,Lithgow,Main,St,Path,-33.48092585,150.156929,
518,Liverpool,Biggs,St,Lift,-33.92438493,150.9269976,
519,Liverpool,Biggs,St,Stairs,-33.92430468,150.9269377,
520,Liverpool,Moore,St,Path,-33.92314617,150.927698,
521,Lochinvar,Station,Lane,Ramp,-32.72039462,151.4504811,
522,Lochinvar,Station,Lane,Ramp,-32.72048397,151.450531,
523,Loftus,Pitt,St,Ramp,-34.04499976,151.0513888,
524,Loftus,Loftus,Ave,Ramp,-34.04545425,151.0512098,
525,Lysaghts,Recycling,Rd,Stairs,-34.4548118,150.8752141,
526,Macarthur,Menangle ,Rd,Stairs,-34.0722662,150.7970753,
527,Macarthur,Menangle ,Rd,Stairs,-34.07255383,150.7971598,
528,Macarthur,Menangle ,Rd,Lift,-34.07249292,150.7974781,
529,Macarthur,Menangle ,Rd,Lift,-34.07221782,150.7973884,
530,Macdonaldtown,Burren,St,Stairs,-33.89679186,151.1853862,
531,Macquarie Fields,Railway,Pde,Ramp,-33.98496652,150.8789376,
532,Macquarie Fields,Railway,Pde,Stairs,-33.98484292,150.8790781,
533,Macquarie Park,Lane Cove,Rd,Lift,-33.78539513,151.1284747,
534,Macquarie Park,Lane Cove,Rd,Lift,-33.78504357,151.1279753,
535,Macquarie Park,Lane Cove,Rd,Escalators,-33.78503439,151.1279076,
536,Macquarie Park,Lane Cove Rd South bound,,Escalators,-33.78542408,151.1285321,
537,Macquarie University,Herring,Rd,Lift,-33.77716806,151.1180933,
538,Macquarie University,Herring,Rd,Escalators,-33.77720119,151.1180638,
539,Macquarie University,Macquarie Shopping Centre,<Null>,Lift,-33.77743855,151.1184683,
540,Macquarie University,Macquarie Shopping Centre,<Null>,Escalators,-33.77737286,151.118483,
541,Maitland,Station,St,Path,-32.73774765,151.552236,
542,Marayong,Harvey,Rd,Stairs,-33.74622068,150.9003117,
543,Marayong,Harvey,Rd,Lift,-33.74601717,150.9003098,
544,Marayong,Railway,Pde,Stairs,-33.7462306,150.9000471,
545,Marayong,Railway,Pde,Lift,-33.74602227,150.9000423,
546,Marion LR,Marion,St,Path,-33.8839155,151.1449963,
547,Marrickville,Illawarra,Rd,Stairs,-33.91375714,151.1532248,
548,Marrickville,Station,St,Path,-33.9139756,151.153316,
549,Marrickville,Illawarra,Rd,Lift,-33.91383568,151.1531518,
550,Marrickville,Illawarra,Rd,Stairs,-33.91386322,151.1531385,
551,Marrickville,Illawarra,Rd,Lift,-33.91378174,151.1531819,
552,Martin Place,Phillip,St,Lift,-33.8677258,151.211419,4
553,Martin Place,Elizabeth,St,Stairs,-33.86773095,151.2102046,7
554,Martin Place,Elizabeth,St,Stairs,-33.86770938,151.2108281,5
555,Martin Place,Phillip,St,Stairs,-33.867961,151.2113556,2
556,Martin Place,Elizabeth,St,Stairs,-33.86794906,151.210512,6
557,Martin Place,Macquarie,St,Stairs,-33.86796156,151.2116238,1
558,Martins Creek,Grace,Ave,Ramp,-32.55848164,151.618412,
559,Marulan,Railway,Pde,Path,-34.70959939,150.0056691,
560,Marulan,Wollondilly,St,Path,-34.7095012,150.0056778,
561,Mascot,Bourke,St,Stairs,-33.92315955,151.1873924,
562,Mascot,Bourke,St,Escalators,-33.92315812,151.1873628,
563,Mascot,Bourke,St,Lift,-33.92336325,151.1873396,
564,Meadowbank,Bank,St,Ramp,-33.81555584,151.089916,
565,Meadowbank,Bank,St,Lift,-33.81562759,151.0899398,
566,Meadowbank,Constitution,Rd,Lift,-33.81566979,151.0902245,
567,Meadowbank,Constitution,Rd,Stairs,-33.81579505,151.0902088,
568,Medlow Bath,Great Western,Hwy,Stairs,-33.67295305,150.2803919,
569,Medlow Bath,Great Western,Hwy,Ramp,-33.67465401,150.2811412,
570,Menangle,Stevens,Rd,Path,-34.12585573,150.7440669,
571,Menangle,Stevens,Rd,Ramp,-34.12539404,150.7441804,
572,Menangle Park,Racecourse,Rd,Ramp,-34.10338507,150.7449509,
573,Menangle Park,Racecourse,Ave,Ramp,-34.10338167,150.7450798,
574,Merrylands,Railway,Tce,Ramp,-33.83669532,150.9926698,
575,Merrylands,Railway,Tce,Stairs,-33.83680598,150.9925619,
576,Merrylands,Railway,Tce,Stairs,-33.83715442,150.992075,
577,Merrylands,Railway,Tce,Lift,-33.83690608,150.9923757,
578,Merrylands,Terminal,Pl,Stairs,-33.83671583,150.9921634,
579,Merrylands,Terminal,Pl,Lift,-33.83679089,150.992228,
580,Merrylands,Terminal,Pl,Stairs,-33.83658243,150.9922814,
581,Merrylands,Terminal,Pl,Ramp,-33.83631419,150.9926662,
582,Merrylands,Railway,Tce,Ramp,-33.83694829,150.992327,
583,Merrylands,Terminal,Pl,Ramp,-33.83685144,150.9920152,
584,Merrylands,Terminal,Pl,Stairs,-33.83705075,150.9918377,
585,Metford,McCubbin ,Cl,Lift,-32.76536099,151.6181329,
586,Metford,McCubbin ,Cl,Stairs,-32.76547854,151.6182929,
587,Milsons Point,Ennis,Rd,Ramp,-33.84579562,151.212403,
588,Milsons Point,Alfred,St,Path,-33.84594618,151.2117195,
589,Mindaribba,Tocal,Rd,Ramp,-32.66835055,151.5845537,
590,Minnamurra,North,St,Ramp,-34.62633044,150.8530098,
591,Minto,Minto,Rd,Stairs,-34.02750455,150.8426006,
592,Minto,Minto,Rd,Lift,-34.02764472,150.8425642,
593,Minto,Minto,Rd,Ramp,-34.02776996,150.8425506,
594,Minto,Somerset,St,Lift,-34.0274664,150.842237,
595,Minto,Somerset,St,Stairs,-34.02722065,150.8423272,
596,Minto,Somerset,St,Ramp,-34.02769333,150.8422318,
597,Miranda,Kiora,Rd,Stairs,-34.036075,151.1019708,
598,Miranda,Kiora,Rd,Ramp,-34.036075,151.1019708,
599,Mittagong,Regent,St,Stairs,-34.45240354,150.4483624,
600,Mittagong,Railway,Pde,Stairs,-34.4526389,150.4483852,
601,Moore Park LR,Anzac,Pde,Stairs,-33.89342778,151.2210603,
602,Moore Park LR,Anzac,Pde,Lift,-33.89320411,151.2210222,
603,Moore Park LR,Anzac,Pde,Stairs,-33.89335164,151.2218384,
604,Moore Park LR,Anzac,Pde,Lift,-33.89312797,151.2218003,
605,Moore Park LR,Anzac,Pde,Path,-33.89338733,151.2218527,
606,Morisset,Macquarie,St,Lift,-33.10903664,151.4882907,
607,Morisset,Macquarie,St,Ramp,-33.1090292,151.4882497,
608,Morisset,Dora,St,Lift,-33.10883807,151.4881562,
609,Morisset,Dora,St,Ramp,-33.10895092,151.4878847,
610,Morisset,Dora,St,Stairs,-33.10893132,151.48806,
611,Morisset,Macquarie,St,Stairs,-33.10907961,151.4881539,
612,Mortdale,Cook,Lane,Stairs,-33.97116587,151.0808093,
613,Mortdale,Cook,Lane,Lift,-33.97104094,151.0808798,
614,Mortdale,Coleborne,Ave,Lift,-33.97112283,151.0810841,
615,Mortdale,Coleborne,Ave,Stairs,-33.97123984,151.081009,
616,Moss Vale,Argyle,St,Path,-34.54838916,150.372103,
617,Moss Vale,Lackey,Rd,Path,-34.54759291,150.3718707,
618,Mount Colah,Pacific,Hwy,Stairs,-33.67129214,151.1150982,
619,Mount Druitt,Beames,Ave,Lift,-33.76977783,150.8201693,
620,Mount Druitt,Beames,Ave,Stairs,-33.76975925,150.819919,
621,Mount Druitt,Beames,Ave,Ramp,-33.7699575,150.8201085,
622,Mount Druitt,North,Pde,Stairs,-33.76940294,150.820177,
623,Mount Druitt,North,Pde,Lift,-33.76941054,150.8201425,
624,Mount Druitt,North,Pde,Lift,-33.76903287,150.8201866,
625,Mount Druitt,North,Pde,Ramp,-33.76905662,150.8203218,
626,Mount Druitt,North,Pde,Stairs,-33.76888448,150.8203141,
627,Mount Druitt,North,Pde,Stairs,-33.76903298,150.8197793,
628,Mount Druitt,North,Pde,Lift,-33.76885586,150.8198575,
629,Mount Druitt,North,Pde,Stairs,-33.76883389,150.8195934,
630,Mount Kurring-gai,Harwood,Ave,Stairs,-33.65382765,151.1370126,
631,Mount Kurring-gai,Pacific,Hwy,Ramp,-33.65376948,151.1365683,
632,Mount Kurring-gai,Harwood,Ave,Ramp,-33.65382377,151.1369886,
633,Mount Victoria,Station,St,Stairs,-33.58817529,150.256825,
634,Mount Victoria,Patrick,St,Stairs,-33.5882678,150.257054,
635,Mulgrave,Mulgrave,Rd,Ramp,-33.62649899,150.8298983,
636,Museum,Elizabeth,St,Stairs,-33.87493423,151.2098618,
637,Museum,Elizabeth,St,Escalators,-33.87482734,151.209529,
638,Museum,Elizabeth,St,Stairs,-33.87652945,151.2098063,
639,Museum,Elizabeth,St,Escalators,-33.87691361,151.209825,
640,Museum,Liverpool,St,Escalators,-33.87671276,151.2092181,
641,Museum,Liverpool,St,Stairs,-33.87669845,151.2091949,
642,Museum,Elizabeth,St,Lift,-33.87659188,151.2097343,
643,Muswellbrook,Market,St,Stairs,-32.26758584,150.8908038,
644,Muswellbrook,Market,St,Ramp,-32.26744191,150.890863,
645,Muswellbrook,Market,St,Stairs,-32.26742612,150.8904619,
646,Narara,Narara Valley,Dr,Stairs,-33.39459444,151.3444334,
647,Narara,Goonak,Pde,Path,-33.39478142,151.3445536,
648,Narara,Narara Valley,Dr,Path,-33.39460601,151.3444151,
649,Narwee,Hurst,Pl,Path,-33.94783139,151.0706442,
650,Narwee,Hannans,Rd,Path,-33.9475007,151.0707991,
651,Newcastle Interchange,Charles,St,Path,-32.9239171,151.7593884,
652,Newcastle Interchange,Cooper,St,Path,-32.92445674,151.7589509,
653,Newcastle Interchange,Hannell,St,Path,-32.92412867,151.7598672,
654,Newcastle Interchange,Hannell,St,Path,-32.92443205,151.7596352,
655,Newtown,King,St,Ramp,-33.89787696,151.1788814,
656,Newtown,King,St,Lift,-33.89794821,151.1788919,
657,Niagara Park,Kathleen Morreau,Rd,Stairs,-33.38322824,151.3545729,
658,Niagara Park,Washington,Ave,Stairs,-33.3830702,151.3544041,
659,Normanhurst,Denman,Pde,Path,-33.72090894,151.0971516,
660,Normanhurst,Malsbury,Rd,Path,-33.72064788,151.0969021,
661,North Ryde,Delhi,Rd,Lift,-33.79457376,151.1378963,
662,North Ryde,Delhi,Rd,Escalators,-33.79459079,151.1378607,
663,North Strathfield,Queen,St,Stairs,-33.85916251,151.0885013,
664,North Strathfield,Hamilton,St,Ramp,-33.8597069,151.0882075,
665,North Sydney,Blue,St,Path,-33.84102219,151.2074984,
666,North Sydney,Blue,St,Path,-33.84100344,151.2073747,
667,North Wollongong,Porter,St,Path,-34.41208744,150.8913264,
668,North Wollongong,Porter,St,Lift,-34.41208516,150.8913613,
669,North Wollongong,Station,St,Path,-34.41211824,150.8915599,
670,North Wollongong,Station,St,Lift,-34.41211138,150.8915284,
671,North Wollongong,Porter,St,Stairs,-34.41230685,150.8912482,
672,North Wollongong,Station,St,Stairs,-34.41235075,150.891562,
673,Norwest,Century,Circuit,Escalators,-33.73431131,150.9629162,
674,Norwest,Century,Circuit,Lift,-33.7341717,150.9631438,
675,Norwest,Brookhollow,Ave,Lift,-33.7347196,150.9633761,
676,Norwest,Brookhollow,Ave,Escalators,-33.73477055,150.963427,
677,Noth Strathfield,Pomeroy,St,Ramp,-33.85755734,151.0873986,
678,Oak Flats,Stanford,Dr,Ramp,-34.57173048,150.8202085,
679,Oak Flats,Stanford,Dr,Ramp,-34.57198187,150.8206117,
680,Oak Flats,Stanford,Dr,Stairs,-34.57188882,150.8204536,
681,Oatley,Mulga,Rd,Lift,-33.980259,151.0787615,
682,Oatley,River,Rd,Stairs,-33.98000494,151.0789686,
683,Oatley,Oatley,Pde,Lift,-33.98022837,151.0792926,
684,Olympic Park,Park,St,Path,-33.8461115,151.070683,
685,Olympic Park,Showground,Rd,Path,-33.84698401,151.0682717,
686,Olympic Park,Murray Rose,Ave,Stairs,-33.84647994,151.0690066,
687,Olympic Park,Murray Rose,Ave,Lift,-33.84639439,151.0692489,
688,Olympic Park,Murray Rose,Ave,Stairs,-33.84617394,151.0698287,
689,Olympic Park,Murray Rose,Ave,Ramp,-33.84634363,151.0694956,
690,Olympic Park,Murray Rose,Ave,Stairs,-33.84639347,151.0693911,
691,Olympic Park,Dawn Fraser,Ave,Path,-33.84686907,151.0692157,
692,Olympic Park,Dawn Fraser,Ave,Path,-33.84678557,151.0694563,
693,Olympic Park,Dawn Fraser,Ave,Stairs,-33.84670627,151.0695564,
694,Olympic Park,Dawn Fraser,Ave,Path,-33.84656636,151.0700461,
695,Olympic Park,Dawn Fraser,Ave,Path,-33.84647873,151.0702876,
696,Olympic Park,Murray Rose,Ave,Path,-33.84608649,151.0700814,
697,Otford,Lady Carrington ,Rd,Ramp,-34.21072283,151.0055213,
698,Otford,Lady Carrington ,Rd,Stairs,-34.21052602,151.0059083,
699,Otford,Station,Rd,Stairs,-34.21109272,151.0055047,
700,Ourimbah,Station,St,Path,-33.35937321,151.3697352,
701,Ourimbah,Station,St,Path,-33.35969505,151.3697508,
702,Ourimbah,Mill,St,Stairs,-33.35965695,151.3702768,
703,Ourimbah,Mill,St,Ramp,-33.35955493,151.3701089,
704,Paddy's Markets,Hay,St,Path,-33.87933704,151.2026206,
705,Paddy's Markets,Hay,St,Path,-33.87925467,151.2027407,
706,Padstow,Memorial,Dr,Stairs,-33.95170664,151.0319304,
707,Padstow,Memorial,Dr,Ramp,-33.95176466,151.0319792,
708,Padstow,Banks,St,Path,-33.95168459,151.0323447,
709,Padstow,Howard,Rd,Ramp,-33.9520945,151.0320242,
710,Padstow,Memorial,Dr,Path,-33.95200543,151.0319661,
711,Panania,Anderson,Ave,Ramp,-33.95413352,150.9982975,
712,Panania,Weston,St,Ramp,-33.95440402,150.998267,
713,Parramatta,Darcy,St,Lift,-33.81707893,151.0049168,
714,Parramatta,Darcy,St,Stairs,-33.81698089,151.0046804,
715,Parramatta,Liverpool-Parramatta,T-way,Lift,-33.81823772,151.0059293,
716,Parramatta,Liverpool-Parramatta,T-way,Stairs,-33.81819896,151.0058847,
717,Parramatta,Station,St,Stairs,-33.8178785,151.0063215,
718,Parramatta,Liverpool-Parramatta,T-way,Lift,-33.81737628,151.0046956,
719,Parramatta,Liverpool-Parramatta,T-way,Stairs,-33.8172046,151.0044433,
720,Parramatta,Liverpool-Parramatta,T-way,Stairs,-33.81753109,151.005003,
721,Parramatta,Liverpool-Parramatta,T-way,Escalators,-33.81757268,151.0045096,
722,Paterson,Main,St,Stairs,-32.60237058,151.6147645,
723,Pendle Hill,Joyce,St,Path,-33.80130891,150.9558506,
724,Pendle Hill,Joyce,St,Ramp,-33.80135205,150.9559293,
725,Pendle Hill,Wentworth,Ave,Ramp,-33.80167682,150.9570035,
726,Pendle Hill,Wentworth,Ave,Stairs,-33.80127175,150.956549,
727,Pennant Hills,Railway,St,Ramp,-33.73816108,151.0725647,
728,Pennant Hills,Railway,St,Stairs,-33.7379301,151.0727775,
729,Pennant Hills,Yarrara,Rd,Path,-33.73771583,151.0726063,
730,Pennant Hills,Yarrara,Rd,Stairs,-33.73772306,151.0725732,
731,Pennant Hills,Railway,St,Lift,-33.73795586,151.0726265,
732,Pennant Hills,Yarrara,Rd,Lift,-33.73786579,151.0724987,
733,Penrith,Jane,St,Stairs,-33.75018886,150.6961967,
734,Penrith,Jane,St,Lift,-33.75028162,150.6964333,
735,Penrith,Jane,St,Stairs,-33.75029054,150.6964713,
736,Penrith,Combewood,Ave,Lift,-33.74985115,150.6965045,
737,Penrith,Combewood,Ave,Stairs,-33.74985862,150.6965761,
738,Penrose,Penrose,Rd,Path,-34.67230549,150.2122744,
739,Penrose,Kareela,Rd,Path,-34.6721605,150.212086,
740,Penshurst,Laycock,Rd,Stairs,-33.96631991,151.0887138,
741,Penshurst,Laycock,Rd,Ramp,-33.96633248,151.088801,
742,Penshurst,Bridge,Rd,Lift,-33.96609707,151.0886682,
743,Penshurst,Bridge,Rd,Stairs,-33.96608121,151.0888374,
744,Petersham,Trafalgar,St,Stairs,-33.89402275,151.1557675,
745,Petersham,Terminus,St,Stairs,-33.8936064,151.1555418,
746,Picton,Prince,St,Stairs,-34.17968277,150.6127042,
747,Picton,Prince,St,Stairs,-34.17964863,150.612881,
748,Picton,Station,St,Lift,-34.17921166,150.6126647,
749,Picton,Station,St,Stairs,-34.17927875,150.6127309,
750,Point Clare,Kurrawa,Ave,Stairs,-33.44630072,151.3285267,
751,Point Clare,Brisbane Water,Dr,Stairs,-33.44618258,151.3282641,
752,Point Clare,Brisbane Water,Dr,Ramp,-33.44621399,151.3282199,
753,Port Kembla,Old Port,Rd,Ramp,-34.47718852,150.9028567,
754,Port Kembla North,Flinders,St,Stairs,-34.47312925,150.8870415,
755,Port Kembla North,Flinders,St,Stairs,-34.47297995,150.8873269,
756,Punchbowl,Punchbowl,Rd,Stairs,-33.92525226,151.0555798,
757,Punchbowl,The Boulevarde,,Stairs,-33.92556758,151.0555716,
758,Pymble,Pacific,Hwy,Stairs,-33.74498339,151.1421989,
759,Pymble,Grandview,St,Stairs,-33.74463831,151.1422732,
760,Pyrmont Bay LR,Murray,St,Path,-33.86953485,151.197708,
761,Quakers Hill,Railway,Pde,Stairs,-33.72721417,150.8858872,
762,Quakers Hill,Railway,Pde,Lift,-33.72743142,150.8860389,
763,Quakers Hill,Pearce,Rd,Stairs,-33.72721559,150.8862174,
764,Quakers Hill,Pearce,Rd,Lift,-33.72731055,150.886272,
765,QVB LR,George,St,Path,-33.87157838,151.2068633,
766,QVB LR,George,St,Path,-33.87157719,151.2070846,
767,Randwick LR,High,St,Path,-33.91719767,151.2410526,
768,Randwick LR,High,St,Path,-33.91711201,151.2400461,
769,Randwick LR,High,St,Path,-33.91700969,151.2400675,
770,Redfern,Gibbons,St,Path,-33.8920298,151.1995113,
771,Redfern,Lawson,St,Path,-33.891563,151.198824,
772,Redfern,Marian,St,Stairs,-33.89270463,151.1981812,
773,Regents Park,Amy,St,Path,-33.8833513,151.0241784,
774,Regents Park,Park,Rd,Ramp,-33.88324672,151.0237008,
775,Regents Park,Park,Rd,Stairs,-33.88311577,151.0237932,
776,Revesby,Blamey,St,Lift,-33.95273626,151.0152327,
777,Revesby,Blamey,St,Stairs,-33.95270727,151.0154862,
778,Revesby,Marco,Ave,Stairs,-33.95231174,151.0152774,
779,Revesby,Marco,Ave,Lift,-33.95235886,151.0153198,
780,Rhodes,Walker,St,Stairs,-33.83064015,151.0868216,
781,Rhodes,Blaxland,Rd,Lift,-33.83064963,151.0872234,
782,Rhodes,Blaxland,Rd,Stairs,-33.83067679,151.0872367,
783,Rhodes,Walker,St,Lift,-33.83045691,151.0868768,
784,Richmond,E Market,St,Stairs,-33.59877109,150.7523098,
785,Richmond,E Market,St,Ramp,-33.5988545,150.7522539,
786,Riverstone,Garfield,Rd W,Path,-33.67985685,150.8605208,
787,Riverstone,Garfield,Rd W,Path,-33.67976814,150.860729,
788,Riverstone,Riverstone,Pde,Path,-33.67905167,150.8604401,
789,Riverwood,Belmore,Rd,Stairs,-33.95160087,151.0525497,
790,Riverwood,Belmore,Rd,Path,-33.9514708,151.0525622,
791,Rockdale,Geeves,Lane,Stairs,-33.9523035,151.1369871,
792,Rockdale,Geeves,Lane,Stairs,-33.95258099,151.1368441,
793,Rockdale,Geeves,Lane,Lift,-33.95248742,151.1368614,
794,Rockdale,Railway,St,Ramp,-33.95191037,151.1364413,
795,Rockdale,Railway,St,Stairs,-33.95221004,151.1362805,
796,Rooty Hill,Beames,Ave,Ramp,-33.77201339,150.844247,
797,Rooty Hill,Beames,Ave,Stairs,-33.77188219,150.8444618,
798,Rooty Hill,North ,Pde,Stairs,-33.7714864,150.8442846,
799,Rooty Hill,Rooty Hill North,Rd,Ramp,-33.77124814,150.8438721,
800,Rosehill,James Ruse,Dr,Ramp,-33.82308432,151.0218152,
801,Rosehill,James Ruse,Dr,Stairs,-33.82303843,151.0222311,
802,Rosehill,James Ruse,Dr,Stairs,-33.82322002,151.0222102,
803,Roseville,Hill,St,Ramp,-33.78434859,151.1778664,
804,Roseville,Pacific,Hwy,Ramp,-33.7846798,151.177749,
805,Rouse Hill,Tempus,St,Lift,-33.69154816,150.9239461,
806,Rouse Hill,Tempus,St,stairs,-33.69171876,150.9239971,
807,Rouse Hill,Tempus,St,Escalators,-33.69165175,150.9241107,
808,Royal Randwick LR,Alison,Rd,Path,-33.90508663,151.2283727,
809,Royal Randwick LR,Alison,Rd,Path,-33.90467736,151.2280967,
810,Royal Randwick LR,Alison,Rd,Path,-33.9054721,151.2298385,
811,Royal Randwick LR,Alison,Rd,Path,-33.90539596,151.229227,
812,Rozelle Bay LR,The Crescent,,Stairs,-33.8717488,151.1728699,
813,Rozelle Bay LR,Bayview,Cres,Ramp,-33.87185725,151.1729488,
814,Rozelle Bay LR,Bayview,Cres,Ramp,-33.8719533,151.1729143,
815,Rydalmere,Brodie,St,Path,-33.81015641,151.0294797,
816,Sandgate,Astra,St,Stairs,-32.87279417,151.7028016,
817,Scarborough,Railway,Ave,Stairs,-34.26551615,150.9651941,
818,Scarborough,Railway,Ave,Stairs,-34.2656783,150.9654965,
819,Schofields,Railway,Tce,Stairs,-33.70418713,150.8739328,
820,Schofields,Railway,Tce,Lift,-33.7044383,150.8740174,
821,Schofields,Railway,Tce,Path,-33.70483553,150.8742383,
822,Schofields,Bridge,St,Lift,-33.70454498,150.8736108,
823,Schofields,Bridge,St,Stairs,-33.7043178,150.8735269,
824,Scone,Susan,St,Path,-32.04670656,150.8670728,
825,Sefton,Helen,St,Stairs,-33.88516069,151.0116714,
826,Sefton,Wellington,Rd,Stairs,-33.88543207,151.0116221,
827,Sefton,Wellington,Rd,Lift,-33.88549648,151.0117978,
828,Sefton,Helen,St,Lift,-33.88516272,151.0118417,
829,Seven Hills,Prospect,Hwy,Lift,-33.77407161,150.9360893,
830,Seven Hills,Prospect,Hwy,Ramp,-33.77410285,150.9359253,
831,Seven Hills,The Hills,Cres,Lift,-33.77455756,150.9361722,
832,Seven Hills,The Hills,Cres,Ramp,-33.77452,150.935432,
833,Seven Hills,Prospect,Hwy,Stairs,-33.77410577,150.9361911,
834,Shellharbour,Piper,Dr,Stairs,-34.59128718,150.8446519,
835,Shellharbour,Piper,Dr,Lift,-34.59122591,150.8446697,
836,Shellharbour,Piper,Dr,Stairs,-34.5913074,150.8448018,
837,Shellharbour,Piper,Dr,Lift,-34.59125149,150.8448185,
838,Singleton,Munro,St,Path,-32.57183342,151.1654861,
839,Singleton,Munro,St,Ramp,-32.5718537,151.1655409,
840,Singleton,Munro,St,Ramp,-32.57196082,151.1656827,
841,Springwood,Macquarie ,Rd,Stairs,-33.69918984,150.5636973,
842,Springwood,Macquarie ,Rd,Ramp,-33.69936145,150.5635226,
843,Springwood,Station,St,Ramp,-33.69896475,150.5633045,
844,St James,James,Rd,Ramp,-33.87003326,151.2112893,
845,St James,James,Rd,Stairs,-33.86992775,151.2114985,
846,St James,Elizabeth,St,Lift,-33.870678,151.2104842,
847,St James,Elizabeth,St,Stairs,-33.87074951,151.2104486,
848,St Leonards,Sergeants,Lane,Lift,-33.82222391,151.1947607,
849,St Leonards,Sergeants,Lane,Stairs,-33.82224634,151.1947629,
850,St Leonards,Herbert,St,Lift,-33.82243079,151.1933676,
851,St Leonards,Herbert,St,Stairs,-33.82246257,151.1934322,
852,St Leonards,Herbert,St,Stairs,-33.82231649,151.1936088,
853,St Leonards,Herbert,St,Lift,-33.82232319,151.1936479,
854,St Marys,Station,St,Stairs,-33.76231824,150.774872,
855,St Marys,Station,St,Lift,-33.76235089,150.7750575,
856,St Marys,Forrester,Rd,Stairs,-33.76188001,150.7749259,
857,St Marys,Forrester,Rd,Lift,-33.76189765,150.7751589,
858,St Peters,Lord,St,Path,-33.90694267,151.1806495,
859,St Peters,May,Lane,Path,-33.90745391,151.1808612,
860,Stanmore,Trafalgar,St,Ramp,-33.89467603,151.1641571,
861,Stanmore,Douglas,St,Ramp,-33.89416485,151.1642047,
862,Stanwell Park,Railway,Cres,Stairs,-34.22618328,150.9812344,
863,Stanwell Park,Railway,Cres,Stairs,-34.22614425,150.9810046,
864,Strathfield,Everton,Rd,Stairs,-33.87134403,151.0944811,
865,Strathfield,Strathfield,Sq,Ramp,-33.87220808,151.0942838,
866,Strathfield,Albert,Rd,Ramp,-33.87185964,151.0938299,
867,Strathfield,Everton,Rd,Lift,-33.87146835,151.0946037,
868,Summer Hill,Carlton,Cres,Stairs,-33.89044157,151.1386413,
869,Summer Hill,Carlton,Cres,Ramp,-33.89043171,151.1386155,
870,Summer Hill,Carlton,Cres,Lift,-33.89053286,151.1389072,
871,Summer Hill,Grosvenor ,Cres,Stairs,-33.8901592,151.1389449,
872,Summer Hill,Grosvenor ,Cres,Lift,-33.89010644,151.1387528,
873,Surry Hills LR,Devonshire,St,Path,-33.88764807,151.2109881,
874,Surry Hills LR,Devonshire,St,Path,-33.88797168,151.2114901,
875,Surry Hills LR,Devonshire,St,Path,-33.8883286,151.2122111,
876,Surry Hills LR,Devonshire,St,Path,-33.88830004,151.2123729,
877,Sutherland,East,Pde,Path,-34.0315567,151.0573425,
878,Sutherland,East,Pde,Lift,-34.0315702,151.0574323,
879,Sutherland,East,Pde,Stairs,-34.03183438,151.0569098,
880,Sutherland,East,Pde,Ramp,-34.03183438,151.0569098,
881,Sydenham,Gleeson,Ave,Lift,-33.91491191,151.1661011,
882,Sydenham,Gleeson,Ave,Path,-33.9148634,151.1660472,
883,Tahmoor,George ,St,Path,-34.22358755,150.5902412,
884,Tahmoor,Pitt,St,Path,-34.22346581,150.5898308,
885,Tallawong,Themeda,Ave,Escalators,-33.69163014,150.9060224,
886,Tallawong,Themeda,Ave,Lift,-33.69168542,150.9058784,
887,Tallong,Railway,Pde,Path,-34.71837568,150.0860928,
888,Tarro,Woodberry ,Rd,Stairs,-32.80889516,151.6693728,
889,Tarro,Woodberry ,Rd,Stairs,-32.80882092,151.6694636,
890,Tascott,Glenrock,Pde,Stairs,-33.45094989,151.3183448,
891,Tascott,Glenrock,Pde,Ramp,-33.45077303,151.3187403,
892,Tascott,Brisbane Water,Dr,Stairs,-33.45088295,151.318787,
893,Tascott,Brisbane Water,Dr,Ramp,-33.45083997,151.3188156,
894,Taverners Hill LR,Parramatta ,Rd,Lift,-33.8895669,151.145176,
895,Taverners Hill LR,Parramatta ,Rd,Stairs,-33.88963067,151.1450837,
896,Taverners Hill LR,Parramatta ,Rd,Stairs,-33.8898685,151.1450731,
897,Taverners Hill LR,Parramatta ,Rd,Lift,-33.88990657,151.1451041,
898,Telarah,Johnson,St,Ramp,-32.72323179,151.5398951,
899,Telarah,Johnson,St,Stairs,-32.72337822,151.5398859,
900,Telopea,Adderton,Rd,Ramp,-33.79402152,151.0412637,
901,Telopea,Adderton,Rd,Stairs,-33.79411509,151.0411954,
902,Telopea,Sturt,St,Path,-33.7945703,151.0413839,
903,Telopea,Sturt,St,Ramp,-33.79424948,151.0415241,
904,Telopea,Sturt,St,Path,-33.79400629,151.041781,
905,Tempe,Richardson,Cres,Stairs,-33.92358032,151.1564713,
906,Tempe,Richardson,Cres,Stairs,-33.92389629,151.1563979,
907,Tempe,Griffith,St,Stairs,-33.92369195,151.1567982,
908,Tempe,Griffith,St,Stairs,-33.92394727,151.15675,
909,Teralba,William,St,Path,-32.962727,151.6039263,
910,Teralba,William,St,Ramp,-32.96276877,151.60415,
911,Teralba,Railway,St,Stairs,-32.96216248,151.6036419,
912,The Star LR,Pirrama,Rd,Path,-33.8672709,151.1957096,
913,Thirroul,Railway,Pde,Path,-34.31788392,150.918865,
914,Thirroul,Railway,Pde,Stairs,-34.31795869,150.9188517,
915,Thirroul,Station,St,Lift,-34.31799787,150.9192528,
916,Thirroul,Station,St,Stairs,-34.31786015,150.9193757,
917,Thornleigh,Railway,Pde,Path,-33.73207901,151.0783738,
918,Thornleigh,Railway,Pde,Stairs,-33.73211866,151.0783327,
919,Thornleigh,The Esplanade,,Stairs,-33.73180916,151.0781183,
920,Thornton,Karuah ,St,Lift,-32.78356119,151.6399551,
921,Thornton,Karuah ,St,Stairs,-32.78357334,151.6399935,
922,Toongabbie,Portice,Pde,Ramp,-33.78714281,150.9511669,
923,Toongabbie,Wentworth,Ave,Ramp,-33.78699939,150.9516071,
924,Town Hall,George,St,Stairs,-33.87416617,151.2066678,4
925,Town Hall,George,St,Stairs,-33.87300204,151.2066961,5
926,Town Hall,George,St,Stairs,-33.87317129,151.2071252,2
927,Town Hall,George,St,Stairs,-33.87357692,151.2070647,2
928,Town Hall,George,St,Stairs,-33.87394872,151.2070088,2
929,Town Hall,George,St,Lift,-33.87389408,151.2070208,2
930,Town Hall,George,St,Stairs,-33.87324335,151.2067182,5
931,Town Hall,George,St,Stairs,-33.87370422,151.206619,5
932,Town Hall,Kent,St,Path,-33.87346213,151.2056759,5
933,Town Hall LR,George,St,Path,-33.87386266,151.2067752,
934,Town Hall LR,George,St,Path,-33.87388289,151.2069656,
935,Towradgi,Towradgi,Rd,Ramp,-34.38412652,150.9013586,
936,Towradgi,Towradgi,Rd,Ramp,-34.38408404,150.9016675,
937,Tuggerah,Bryant,Dr,Ramp,-33.3077456,151.4204201,
938,Tuggerah,Bryant,Dr,Stairs,-33.3077456,151.4204201,
939,Tuggerah,Pacific,Hwy,Ramp,-33.30747496,151.4200755,
940,Tuggerah,Pacific,Hwy,Stairs,-33.30767799,151.4200382,
941,Turramurra,Rohini,St,Path,-33.73258953,151.1290978,
942,Turramurra,William,St,Path,-33.73287787,151.128659,
943,Turrella,Reede,St,Stairs,-33.92977422,151.1404283,
944,Unanderra,Berkeley,Rd,Stairs,-34.45480327,150.8454954,
945,Unanderra,Berkeley,Rd,Stairs,-34.45512841,150.8460834,
946,UNSW LR,High,St,Path,-33.91638284,151.2360806,
947,UNSW LR,High,St,Path,-33.91633049,151.2349932,
948,UNSW LR,High,St,Path,-33.91623769,151.2350908,
949,UNSW LR,High,St,Path,-33.91653512,151.2363424,
950,Valley Heights,Great Western,Hwy,Stairs,-33.70414867,150.5836892,
951,Valley Heights,Great Western,Hwy,Stairs,-33.70388256,150.5840807,
952,Valley Heights,Great Western,Hwy,Ramp,-33.70385585,150.5840194,
953,Victoria Street,Waller,St,Stairs,-32.75096544,151.5941378,
954,Victoria Street,Victoria,St,Stairs,-32.7511242,151.5937962,
955,Villawood,Villawood,St,Stairs,-33.88092102,150.9773626,
956,Villawood,River,Ave,Stairs,-33.88074082,150.9773471,
957,Vineyard,Bandon,Rd,Ramp,-33.65018802,150.851063,
958,Wahroonga,Redleaf,Ave,Stairs,-33.71800187,151.1175185,
959,Waitara,Alexandria,Pde,Path,-33.71028639,151.105246,
960,Waitara,Waitara,Ave,Stairs,-33.71065655,151.1049153,
961,Wallarobba,Wallarobba Brookfield,Rd,Ramp,-32.49615032,151.6956921,
962,Wansey LR,Alison,Rd,Path,-33.91105413,151.2355339,
963,Wansey LR,Alison,Rd,Path,-33.91027366,151.2348724,
964,Wansey LR,Alison,Rd,Path,-33.91103033,151.2356862,
965,Warabrook,Ring,Rd,Ramp,-32.88848678,151.709521,
966,Warabrook,Eucalyptus ,Cres,Ramp,-32.88698384,151.7111872,
967,Waratah,Platt,St,Stairs,-32.902354,151.7310238,
968,Waratah,Platt,St,Stairs,-32.90210317,151.731215,
969,Waratah Mills LR,Weston,St,Path,-33.8988126,151.1398647,
970,Waratah Mills LR,Davis,St,Path,-33.8989622,151.140003,
971,Warnervale,Warnervale,Rd,Path,-33.2473843,151.4491366,
972,Warnervale,Warnervale,Rd,Path,-33.24713278,151.4488456,
973,Warrawee,Warrawee,Ave,Path,-33.72439373,151.1220398,
974,Warrawee,Heydon,Ave,Path,-33.72454128,151.1217229,
975,Warrimoo,Railway,Pde,Stairs,-33.72132609,150.6029511,
976,Warrimoo,Great Western,Hwy,Ramp,-33.72206858,150.602657,
977,Warrimoo,Great Western,Hwy,Stairs,-33.72204408,150.6025654,
978,Warrimoo,Great Western,Hwy,Stairs,-33.721589,150.6027819,
979,Warrimoo,Great Western,Hwy,Ramp,-33.7215927,150.6027681,
980,Warwick Farm,Remembrance,Ave,Stairs,-33.91347354,150.9349611,
981,Warwick Farm,Remembrance,Ave,Lift,-33.91324659,150.9349959,
982,Warwick Farm,Warwick,St,Stairs,-33.91318088,150.9353246,
983,Warwick Farm,Warwick,St,Lift,-33.91340518,150.9352764,
984,Waterfall,Kooraban,St,Ramp,-34.13517267,150.994605,
985,Waverton,Bay,Rd,Path,-33.83756728,151.1974683,
986,Waverton,Bay,Rd,Path,-33.83761043,151.1973366,
987,Wentworth Falls,Station,St,Stairs,-33.70952535,150.3761198,
988,Wentworth Falls,Railway,Pde,Stairs,-33.70932977,150.3764898,
989,Wentworth Park LR,Wattle,St,Ramp,-33.87506758,151.1935385,
990,Wentworth Park LR,Pyrmont Bridge,Rd,Path,-33.8742417,151.1940945,
991,Wentworthville,The Kingsway,,Stairs,-33.80725292,150.972304,
992,Wentworthville,The Kingsway,,Ramp,-33.80706875,150.9718275,
993,Wentworthville,Wentworth,Ave,Stairs,-33.80686889,150.9725242,
994,Wentworthville,Wentworth,Ave,Ramp,-33.80667668,150.971932,
995,Werrington,Railway,St,Lift,-33.75920751,150.7574014,
996,Werrington,Railway,St,Stairs,-33.75924963,150.7575314,
997,Werrington,Victoria,Lane,Lift,-33.75903757,150.7574454,
998,Werrington,Victoria,Lane,Stairs,-33.7590496,150.7575668,
999,West Ryde,Railway,Pde,Stairs,-33.80746637,151.0905793,
1000,West Ryde,Railway,Pde,Lift,-33.80747159,151.0904036,
1001,West Ryde,West,Pde,Stairs,-33.8074677,151.0899608,
1002,West Ryde,West,Pde,Ramp,-33.80704425,151.0900831,
1003,West Ryde,West,Pde,Ramp,-33.80687546,151.0901576,
1004,Westmead,Alexandria,Ave,Ramp,-33.80864182,150.9876577,
1005,Westmead,Alexandria,Ave,Stairs,-33.80870858,150.9878707,
1006,Westmead,Railway,Pde,Ramp,-33.80819002,150.9877158,
1007,Westmead,Railway,Pde,Stairs,-33.80836116,150.9881873,
1008,Wiley Park,King Georges ,Rd,Ramp,-33.92270486,151.0680185,
1009,Wiley Park,King Georges ,Rd,Ramp,-33.92278182,151.0680626,
1010,Windsor,Cox,St,Path,-33.61292723,150.8090296,
1011,Windsor,George,St,Path,-33.61362381,150.8111058,
1012,Wingello,Railway,Pde,Path,-34.69233579,150.1583818,
1013,Wingello,Sydney,St,Path,-34.69201661,150.1582058,
1014,Wirragula,Dungog,Rd,Ramp,-32.46292679,151.7424687,
1015,Wolli,Discovery Point,Pl,Lift,-33.92884985,151.1538917,
1016,Wolli,Discovery Point,Pl,Stairs,-33.92882963,151.153842,
1017,Wolli,Brodie Spark,Dr,Stairs,-33.92867126,151.1544432,
1018,Wolli,Brodie Spark,Dr,Lift,-33.92868435,151.1543587,
1019,Wollongong,Station,St,Path,-34.42698795,150.8884363,
1020,Wollongong,Railway Staiton,Sq,Ramp,-34.42679193,150.8878175,
1021,Wollongong,Crown,St,Lift,-34.42645671,150.8884344,
1022,Wollongong,Crown,St,Lift,-34.42642506,150.8882201,
1023,Wollongong,Railway Staiton,Sq,Path,-34.42720865,150.8879475,
1024,Wollongong,Crown,St,Path,-34.42587253,150.8882123,
1025,Wollongong,Crown,St,Path,-34.42582725,150.8886385,
1026,Wollongong,Station,St,Stairs,-34.42673344,150.8885596,
1027,Wollstonecraft,Shirley,Rd,Ramp,-33.83245952,151.1921823,
1028,Wollstonecraft,Shirley,Rd,Path,-33.8326745,151.1917926,
1029,Wollstonecraft,Milner,Cres,Path,-33.8315907,151.1925953,
1030,Wollstonecraft,Milray,Ave,Path,-33.83146743,151.1915732,
1031,Wombarra,Morrison,Ave,Stairs,-34.27530416,150.9535083,
1032,Wombarra,Morrison,Ave,Stairs,-34.27545316,150.9536753,
1033,Wondabyne,Wondabyne Wharf,,Ramp,-33.49202131,151.2571482,
1034,Woodford,Railway,Pde,Stairs,-33.7357511,150.4821963,
1035,Woodford,Great Western,Hwy,Ramp,-33.73546893,150.4818417,
1036,Woodford,Great Western,Hwy,Ramp,-33.73526715,150.4808855,
1037,Woolooware,Swan,St N,Stairs,-34.04741225,151.1437622,
1038,Woolooware,Swan,St N,Lift,-34.04744884,151.1437013,
1039,Woolooware,Swan,St,Stairs,-34.04769831,151.1436487,
1040,Woolooware,Swan,St,Lift,-34.04765603,151.1435849,
1041,Woonona,Park,Rd,Ramp,-34.34939351,150.9153897,
1042,Woonona,Railway,Pde,Stairs,-34.34956158,150.91536,
1043,Woonona,Park,Rd,Ramp,-34.34932926,150.9151104,
1044,Woy Woy,Railway,St,Ramp,-33.48527377,151.3237255,
1045,Woy Woy,Railway,St,Lift,-33.48585711,151.3233847,
1046,Woy Woy,Railway,St,Stairs,-33.48597825,151.3232156,
1047,Woy Woy,Blackwall,Rd,Path,-33.48597397,151.324352,
1048,Wyee,Wyee,Rd,Ramp,-33.17984054,151.48724,
1049,Wyee,Gorokan,Rd,Stairs,-33.180164,151.4868566,
1050,Wynyard,Napoleon,St,Path,-33.86524696,151.20397,
1051,Wynyard,Napoleon,St,Lift,-33.86534132,151.203967,
1052,Wynyard,Clarence,St,Stairs,-33.86562889,151.2048,4
1053,Wynyard,Clarence,St,Path,-33.86564376,151.2050042,4
1054,Wynyard,York,St,Path,-33.86560119,151.2055201,3
1055,Wynyard,Clarence,St,Lift,-33.86572968,151.2050799,4
1056,Wynyard,Jamison,St,Path,-33.86445369,151.2053161,
1057,Wynyard,Carrington,St,Path,-33.86572268,151.206269,1
1058,Wynyard,Carrington,St,Lift,-33.86570502,151.2061027,1
1059,Wynyard,Carrington,St,Stairs,-33.86553906,151.2063145,1
1060,Wynyard,Carrington,St,Stairs,-33.86583394,151.2062822,1
1061,Wynyard,York,St,Stairs,-33.86575654,151.2059633,3
1062,Wynyard,York,St,Stairs,-33.86566282,151.2059726,3
1063,Wynyard LR,George,St,Path,-33.86670287,151.2070738,
1064,Wynyard LR,George,St,Path,-33.86670881,151.2072618,
1065,Wyong,Howarth,St,Lift,-33.2853325,151.4255494,
1066,Wyong,Howarth,St,Stairs,-33.28508373,151.4255992,
1067,Wyong,Pacific,Hwy,Stairs,-33.2853225,151.4251587,
1068,Wyong,Pacific,Hwy,Lift,-33.28524935,151.4252208,
1069,Yagoona,Hume,Hwy,Path,-33.90733106,151.0246767,
1070,Yennora,Railway,St,Ramp,-33.86502912,150.9707162,
1071,Yennora,Railway,St,Stairs,-33.86498836,150.9708084,
1072,Yennora,Railway,St,Stairs,-33.86488282,150.97104,
1073,Yennora,Nelson,Rd,Stairs,-33.86462082,150.9709456,
1074,Yerrinbool,Old Hume,Hwy,Path,-34.37159251,150.5434481,